Year,HvyTrkIcevMpg,HvyTrkHevMpg,HvyTrkBevMpkwh
1990,6,NA,NA
1995,6.1,NA,NA
2000,5.8,NA,NA
2005,6,NA,NA
2010,6.2,NA,0.408697554
2015,6.21,NA,0.421469353
2020,6.19,NA,0.434241151
2025,6.96,NA,0.453398849
2030,7.66,NA,0.485328345
2035,8.33,NA,0.523643741
2040,8.75,NA,0.561959137
2045,8.99,NA,0.593888633
2050,9.16,NA,0.61943223
